п»ҝtimestamp,session_id,turn_id,agent_id,agent_type,model,permission_mode,duration_ms,cwd,last_msg_snippet,note
2026-05-26 14:31:10,019e632e-5d31-7c82-a4f8-d363b7841020,019e632f-da3f-7db0-ab03-c48847315bc4,019e632f-d9d5-7643-ad08-f0c7347322a7,planner,gpt-5.5,default,126470,D:\J2EE\Web_Pharma_QuangDuong,"**MГҹв•—Г‘c Tiв”ңВ¬u**  BiГҹв•‘в”җn `src/main/resources/templates/admin/events.html` tГҹв•—ВҪ demo HTML tв”ҖвҢҗnh thв”ңГЎnh trang admin event m",tokens=N/A;duration=SubagentStart-SubagentStop;transcript_format=unstable
2026-05-26 18:40:43,019e632e-5d31-7c82-a4f8-d363b7841020,019e6415-0004-7d71-adc7-92af6e129d0b,019e6414-ff87-7f33-9c92-6e422557333b,planner,gpt-5.5,default,82201,D:\J2EE\Web_Pharma_QuangDuong,"**1. Mб»Ҙc TiГӘu**  Audit chuyГӘn sГўu thay Д‘б»•i admin events hiб»Үn tбәЎi so vб»ӣi bбәЈn gб»‘c git gбә§n nhбәҘt `HEAD` (`34335b6 codex mб»ӣi`",tokens=N/A;duration=SubagentStart-SubagentStop;transcript_format=unstable
2026-05-26 18:44:25,019e632e-5d31-7c82-a4f8-d363b7841020,019e6416-f729-7950-a986-b2b672356dc8,019e6416-f6bb-78d1-a488-5d14cc4346c7,deep-reviewer,gpt-5.5,default,175770,D:\J2EE\Web_Pharma_QuangDuong,"ДҗГЈ audit read-only riГӘng `src/main/resources/templates/admin/events.html` theo `DieuKienCode.MD`  yГӘu cбә§u admin events t",tokens=N/A;duration=SubagentStart-SubagentStop;transcript_format=unstable
2026-05-26 18:44:34,019e632e-5d31-7c82-a4f8-d363b7841020,019e6417-1bc9-7691-8d01-0b2455b8929f,019e6417-1b53-7151-9703-a7a804a99ae3,reviewer,gpt-5.5,default,176310,D:\J2EE\Web_Pharma_QuangDuong,"### 1. Issues Found | # | Severity | File:Line | MГҙ tбәЈ | Fix gб»Јi ГҪ | |---|---|---|---|---| | 1 | WARNING | `src/main/jav",tokens=N/A;duration=SubagentStart-SubagentStop;transcript_format=unstable
2026-05-26 18:45:16,019e632e-5d31-7c82-a4f8-d363b7841020,019e6417-0c9b-7522-a57f-94a5cef43c85,019e6417-0c2a-7222-99bd-7edb197bb8aa,deep-reviewer,gpt-5.5,default,221708,D:\J2EE\Web_Pharma_QuangDuong,"ДҗГЈ audit read-only  khГҙng sб»ӯa file. KhГҙng cГі output reviewer tбә§ng 1 trong prompt  nГӘn tГҙi chб»ү bГЎo cГЎc vбәҘn Д‘б»Ғ deep-review",tokens=N/A;duration=SubagentStart-SubagentStop;transcript_format=unstable
2026-05-26 18:46:36,019e632e-5d31-7c82-a4f8-d363b7841020,019e6417-2c83-7cf2-8f6c-6db661a687ae,019e6417-2c18-74c2-827d-e01b4c208e87,security-auditor,gpt-5.5,default,293928,D:\J2EE\Web_Pharma_QuangDuong,"KhГҙng sб»ӯa file. Audit tбәӯp trung vГ o thay Д‘б»•i admin events vГ  cГЎc luб»“ng public bб»Ӣ бәЈnh hЖ°б»ҹng.  ### 1. Findings  | # | Seve",tokens=N/A;duration=SubagentStart-SubagentStop;transcript_format=unstable
2026-05-26 19:03:47,019e632e-5d31-7c82-a4f8-d363b7841020,019e642a-47f9-7e02-aeed-8275248ad47c,019e642a-477d-7c00-ac41-a73c8ba1d301,planner,gpt-5.5,default,71971,D:\J2EE\Web_Pharma_QuangDuong,"ДҗГЈ kiб»ғm tra guard/memory vГ  Д‘б»‘i chiбәҝu `HEAD`: working tree hiб»Үn cГі 22 file Д‘б»•i  trб»Қng tГўm lГ  `admin/events.html` rбәҘt lб»ӣn",tokens=N/A;duration=SubagentStart-SubagentStop;transcript_format=unstable
2026-05-26 19:29:06,019e632e-5d31-7c82-a4f8-d363b7841020,019e643f-c5b4-78b1-bec6-7d7c88a16185,019e643f-c54a-72c1-8c93-0de152715bf0,reviewer,gpt-5.5,default,182893,D:\J2EE\Web_Pharma_QuangDuong,"### 1. Issues Found  | # | Severity | File:Line | Evidence | MГҙ tбәЈ | Verdict | Fix gб»Јi ГҪ | |---|---|---|---|---|---|---|",tokens=N/A;duration=SubagentStart-SubagentStop;transcript_format=unstable
2026-05-26 19:31:11,019e632e-5d31-7c82-a4f8-d363b7841020,019e643f-ebff-74a2-8597-fcfa5ccfc603,019e643f-eb8c-7ce0-9ad3-a2e9060bffea,deep-reviewer,gpt-5.5,default,297698,D:\J2EE\Web_Pharma_QuangDuong,"Audit read-only hoГ n tбәҘt. Verdict: **FAIL**. Backend admin events Д‘ГЈ cГі nhiб»Ғu CRUD chГӯnh  nhЖ°ng contract hiб»Үn tбәЎi vбә«n ch",tokens=N/A;duration=SubagentStart-SubagentStop;transcript_format=unstable
2026-05-26 19:31:45,019e632e-5d31-7c82-a4f8-d363b7841020,019e6440-10b4-7523-a4c9-ad41db165d49,019e6440-1042-75c3-96bd-0e595fb59638,security-auditor,gpt-5.5,default,322319,D:\J2EE\Web_Pharma_QuangDuong,"ДҗГЈ audit read-only  khГҙng sб»ӯa file  khГҙng cбәӯp nhбәӯt memory.  ### 1. Findings  | # | Severity | OWASP Category | File:Line",tokens=N/A;duration=SubagentStart-SubagentStop;transcript_format=unstable
2026-05-26 19:45:04,019e632e-5d31-7c82-a4f8-d363b7841020,019e644f-c6d4-7b82-8663-1483b3c94411,019e644f-c66b-78b1-9e9e-e0dd369998c4,planner,gpt-5.5,default,91428,D:\J2EE\Web_Pharma_QuangDuong,"**Mб»Ҙc tiГӘu**  Lбәӯp kбәҝ hoбәЎch fix toГ n diб»Үn cГЎc lб»—i admin events Д‘ГЈ audit  Ж°u tiГӘn bбәЈo mбәӯt/data integrity trЖ°б»ӣc UI polish. ",tokens=N/A;duration=SubagentStart-SubagentStop;transcript_format=unstable
2026-06-02 01:36:57,019e8476-8713-7133-b5c0-b8445f69bbb8,019e8477-55f5-7363-b7d5-3f1472b939a0,019e8477-557b-7c93-8692-e2d6c1e0e43f,planner,gpt-5.5,default,141931,D:\J2EE\Web_Pharma_QuangDuong,"- Cв”ңГіu hГҹв•—Г…i gГҹв•—ГҰc: Phв”ңГіn rв”ңГә task review read-only nв”ңГіng cГҹв•‘Г‘p phв”ңГіn quyГҹв•—Гјn trong working tree so vГҹв•—Вўi `HEAD=035a691`",tokens=N/A;duration=SubagentStart-SubagentStop;transcript_format=unstable
2026-06-02 13:14:28,019e86f5-8643-7ab1-902a-66868a582bdd,019e86f6-1f05-74f2-a0fc-38f93d70240f,019e86f6-1c47-7082-9f2d-91684dda7f86,planner,gpt-5.5,default,127843,D:\J2EE\Web_Pharma_QuangDuong,"- Cв”ңГіu hГҹв•—Г…i gГҹв•—ГҰc: LГҹв•‘ВЎp kГҹв•‘в”җ hoГҹв•‘Гӯch review toв”ңГЎn diГҹв•—Г§n nв”ңГіng cГҹв•‘Г‘p phв”ңГіn quyГҹв•—Гјn в”ҖГҰГҹв•—Г–ng  so sв”ңГӯnh `HEAD` vГҹв•—Вўi comm",tokens=N/A;duration=SubagentStart-SubagentStop;transcript_format=unstable
2026-06-03 09:18:03,019e8b42-f6bb-7860-84e0-71bb9f882d74,019e8b44-430c-7452-b9be-cd5eea9e4a15,019e8b44-40fc-7801-b3d5-f36141129037,planner,gpt-5.5,default,111662,D:\J2EE\Web_Pharma_QuangDuong,"Active Plan Update вҖ” chб»ү Д‘б»Қc  khГҙng sб»ӯa file  khГҙng ghi memory.  - CГўu hб»Ҹi gб»‘c: phГўn rГЈ task audit read-only nГўng cбәҘp ph",tokens=N/A;duration=SubagentStart-SubagentStop;transcript_format=unstable
2026-06-03 10:12:43,019e8b42-f6bb-7860-84e0-71bb9f882d74,019e8b77-175d-7360-87a2-31e944a9f2d0,019e8b77-11b5-7812-b744-a0893894eaf6,planner,gpt-5.5,default,59913,D:\J2EE\Web_Pharma_QuangDuong,"CГўu hб»Ҹi gб»‘c: RГ  lбәЎi kбәҝ hoбәЎch hardening phГўn quyб»Ғn Д‘б»ҷng hiб»Үn tбәЎi theo yГӘu cбә§u Д‘ГЈ chб»‘t  read-only  khГҙng sб»ӯa file/memory. ",tokens=N/A;duration=SubagentStart-SubagentStop;transcript_format=unstable
